epoch,loss,val_loss
1,0.0013561531668528914,0.0009015975520014763
2,0.0012152479030191898,0.0010070763528347015
3,0.0011919473763555288,0.0009230499272234738
4,0.001177480211481452,0.0008699250756762922
5,0.0011692465050145984,0.0008781260694377124
6,0.0011653525289148092,0.0008888777229003608
7,0.0011613268870860338,0.0009353260975331068
8,0.0011598133714869618,0.000897790479939431
9,0.0011573066003620625,0.0008833715110085905
