model,MAE,MSE,RMSE,MAPE,R2,TrainingTimePerEpoch,NumLayers,FinalLoss,FinalValLoss,EpochsRun,TotalTrainingTime
LSTM,12.127,309.0396,17.5795,805479.0134,0.9408,34.5,5,0.00082,0.000695,20,689.95
GRU,12.258,322.1218,17.9478,672694.8322,0.9383,36.99,5,0.000867,0.000734,12,443.86
TCN,14.0814,402.2136,20.0553,1499099.0937,0.9229,5.47,6,0.001157,0.000883,9,49.2
