model,MAE,MSE,RMSE,MAPE,R2
LSTM,12.054852450633897,304.6874999669171,17.45530005376353,1017916.1663694247,0.9416006683117796
GRU,12.028457983926634,308.1804666086934,17.55506954155105,883895.4608762074,0.9409311727876405
TCN,14.223170098181843,431.4080380724637,20.770364418383796,1130733.6766089494,0.9173121932764101
