model,MAE,MSE,RMSE,MAPE,R2,TrainingTimePerEpoch,NumLayers,FinalLoss,FinalValLoss,EpochsRun,TotalTrainingTime
LSTM,11.994,308.9668,17.5775,527940.1364,0.9408,108.02,5,0.000851,0.000723,18,1944.38
GRU,12.2842,315.492,17.7621,1134420.3092,0.9395,53.9,5,0.000832,0.000685,16,862.35
TCN,14.0833,414.8226,20.3672,1293959.6775,0.9205,7.19,6,0.001158,0.000851,18,129.46
