model,MAE,MSE,RMSE,MAPE,R2
LSTM,33.99780910233667,1662.6613355428424,40.77574445111753,103.07030316065466,0.5045385265029367
